{
  "title": "Trocas e Reembolso ",
  "meta_title": "Trocas e devoluções",
  "meta_description": "Trocas e devoluções",
  "body": "# Política de Troca e Devolução\n\nNossa política de trocas e devoluções seguem as normas do CDC (Código de Defesa do Consumidor)\n\nO cliente que realiza compras nossa lojas virtual, goza de até 7 (sete) dias após o recebimento do produto para registrar a desistência da compra sem qualquer custo adicional. Neste caso o cliente poderá solicitar o reembolso do valor da compra, descontado a taxa do frete, ou aquisição do crédito referente ao valor do produto para uma nova compra.\n\nTanto para troca quanto para devoluções você deverá preencher o formulário de \"Devolução\" e solicitar o início do procedimento.\n\nPara devolução, esta deve ser realizado dentro do prazo de 07 dias após o recebimento do produto. Devoluções fora deste período ou se o produto tiver sido utilizado, danificado ou não estiver na embalagem original, poderemos não aceitar a solicitação e a sua compra será retornada para você. A devolução de produtos só será aceita se ainda possuir a etiqueta original, estiver sem marcas de uso ou manchas e de acordo com as condições de troca ou devolução.\n\nPara trocar um produto você deverá devolvê-lo, solicitando um reembolso do crédito e realizar uma nova compra com as mesmas condições originais sem custo adicional. Só será possível receber o reembolso de uma devolução se esta for realizada de acordo com nossa política de devolução.\n\nQueremos oferecer-lhe o melhor e não lhe prejudicar, por isto, quando não houver o produto em questão no estoque o mesmo será substituído por outro equivalente ao valor do produto trocado e de sua escolha ou você será reembolsado (quando solicitado a troca dentro do prazo legal).\n\n## Itens personalizados\n\nNão é possível trocar ou cancelar qualquer produto personalizado que não apresentem defeito, em razão da customização do produto.\n\nCaso seu item personalizado apresente defeito no produto ou na personalização, por favor, siga o procedimento de troca e devolução.\n\n## Condições de troca e devolução\n\nO produto a ser devolvido deverá estar sem uso em sua embalagem original  e nota fiscal da compra. Todos os produtos devolvidos passam por uma análise de nossa equipe no momento em que chega em retorna ao nosso escritório, a qual poderá levar até dez dias úteis. O produto desejado para troca e/ou a restituição do valor pago só será liberado após aprovação de nossa equipe. Caso seja identificada qualquer divergência ou violação do produto, não aceitaremos a devolução e entregaremos novamente o produto ao remetente sem comunicação prévia.\n\nNão é possível trocar ou cancelar qualquer produto personalizado, em razão da customização do produto.\n\n## Procedimento de devolução\n\nA devolução do produto ocorrerá por meio de postagem nos Correios. Você receberá as instruções em seu e-mail para postagem do produto. O produto deverá ser apresentando devidamente embalado, de acordo com as regras dos Correios. O procedimento é simples e agiliza o processo de troca. Lembramos que a aquisição do novo item ou a devolução do valor pago, quando for o caso, será realizado após retorno do produto ao nosso escritório.\n\nConsulte aqui as agências credenciadas dos Correios: <http://www.correios.com.br/servicos/agencias>\n\n## Restituição de valores\n\nA restituição dos valores pagos pelo cliente será da mesma maneira escolhida no processo de pagamento da compra inicial descontado o valor do frete.\n\n\\- Cartão de crédito: no caso da compra efetuada com cartão de crédito, a devolução do valor total ou parcial ocorre através de estorno no cartão de crédito em até 2 faturas após a solicitação de devolução.\n\n\\- Boleto Bancário: a devolução de valores para compras realizadas através de boleto bancário ocorre através de reembolso na conta corrente do titular da compra em até 10 dias úteis após o cancelamento. Não serão aceitas contas de terceiros.\n\n**Importante**: A restituição dos valores será processada somente após o recebimento e análise das condições do(s) produto(s) em nosso escritório e de acordo com as condições de troca ou devolução. O produto não poderá trazer qualquer indício de uso.",
  "sections": []
}