{
  "marketing_stripe": {
    "text": "Aproveite todas nossas novidades",
    "link": "/promotion",
    "background": "#b5b0b0",
    "color": "#100303"
  },
  "contacts_stripe": {
    "pages": [
      {
        "title": "Sobre nós",
        "link": "/pages/sobre-nos"
      }
    ],
    "phone_wpp": true,
    "socials": true
  },
  "categories_list": {
    "featured": [
      "/t-shirts?POPULARES",
      "/linha-gospel?LINHA GOSPEL"
    ],
    "random": 6,
    "full_width": false
  },
  "desktop_megamenu": true,
  "search_input": true,
  "alphabetical_order_submenu": false,
  "full_width_submenu": false
}