{
  "meta_title": "Beleza e Qualidade",
  "meta_description": "Confira e não perca a oportunidade de adquirir lindas peças com preços imperdíveis",
  "sections": [
    {
      "type": "banner-slider",
      "autoplay": 9000,
      "full_width": false,
      "slides": [
        {
          "img": "/img/uploads/1.jpg",
          "link": "/headset",
          "alt": "Headset banner",
          "start": "2023-01-19T23:07:56.223Z",
          "end": "",
          "mobile_img": "/img/uploads/1.jpg"
        },
        {
          "start": "2023-01-19T23:08:31.048Z",
          "end": "2023-12-31T23:05:21.925Z",
          "img": "/img/uploads/2.jpg",
          "alt": "Banner sample two",
          "mobile_img": "/img/uploads/2.jpg"
        }
      ]
    },
    {
      "type": "info-bar",
      "enabled": true
    },
    {
      "type": "collection-shelf",
      "shuffle": false,
      "limit": 12,
      "page": 1,
      "sort": "news"
    },
    {
      "type": "collection-shelf",
      "shuffle": false,
      "limit": 12,
      "page": 1,
      "collection_id": "61e33d110c7c7272250cc6ea:categories:LINHA GOSPEL:/linha-gospel"
    },
    {
      "type": "dynamic-showcase",
      "load_more": true
    },
    {
      "type": "brands-carousel",
      "limit": 24,
      "offset": 0,
      "sort": "name"
    },
    {
      "type": "page-title",
      "title": "",
      "description": ""
    }
  ]
}